umap_component_1,umap_component_2,umap_component_3
-1.5877692,0.2689174,-13.67395
9.515021,4.0071006,-5.0450115
-1.4301152,0.53163004,-13.539137
-4.5973773,5.668617,8.702992
1.8910418,-16.070663,1.2890832
17.051727,-1.3027021,17.25103
11.21117,18.713404,13.547135
-2.9760017,11.3749,22.533691
-1.5142237,0.40623128,-13.483979
-4.732112,5.6718717,8.762348
14.475404,-0.34913546,9.173505
2.0339258,-16.04405,1.1729757
19.884687,-4.6529818,8.205098
8.827387,1.6316612,5.4859943
1.8356593,-16.186377,1.355785
-1.6533729,0.4235628,-13.5229435
-1.5527043,0.32204476,-13.640109
-1.590022,0.44605395,-13.454427
-4.7512364,5.640105,8.657007
11.174327,18.75511,13.538638
-1.5507759,0.4291548,-13.54688
-3.126765,11.447945,22.64625
1.8532758,-15.960767,1.3257885
1.9359672,-16.19262,1.2610769
-4.8104215,5.484907,8.808224
10.857398,-8.962076,2.412775
-1.5677748,0.4609313,-13.577336
-14.628214,-7.7926574,-3.550127
11.2046,-5.1832976,9.878123
11.263864,18.736664,13.486193
-1.5198284,0.3517634,-13.519756
16.997564,-1.7724259,17.531603
-1.5889782,0.28577977,-13.425219
-4.7885156,5.685706,8.754381
19.837101,-4.6929607,8.153085
18.537472,-7.6648445,-4.5997906
10.85743,-8.962076,2.4127724
11.251942,18.797253,13.517829
-4.7117705,14.287706,-0.060084585
20.367317,-4.2358537,7.430327
-4.717021,5.6322837,8.745886
1.8110436,-16.16065,1.1345872
-4.624286,5.3854146,8.9347725
-4.7411027,5.592909,8.819913
-1.4951552,0.43099424,-13.459349
-3.069443,11.524815,22.602942
-4.7556353,5.3242507,8.747776
-1.466038,0.28649327,-13.4358015
-4.6870956,5.589306,8.746357
-10.538865,-6.7856183,12.796121
-1.4648308,0.6187088,-13.517173
-4.733879,5.6005692,8.781548
-4.775254,5.5612383,8.737086
16.067621,7.0758066,3.522587
1.9815637,-15.964092,1.2242349
6.463604,2.2841194,13.561417
16.984333,-1.8625666,17.549864
-4.5496845,5.671256,8.609664
-10.525963,-6.772717,12.7832155
-1.4973377,0.2920467,-13.423604
2.3187308,-5.6866994,26.125174
-1.4386836,0.50889957,-13.531834
2.0145671,-16.031563,1.2549529
-4.5033407,5.5702076,8.693396
-4.636349,5.303342,8.778948
-4.5171285,5.462313,8.758392
11.607016,-0.80767983,-8.881464
2.3563857,-5.7258554,26.087448
1.9264249,-16.215942,1.2349536
11.208505,18.74235,13.43994
-4.5673337,5.5664763,8.644348
-10.506494,-6.7532444,12.763755
-1.6159194,0.5726591,-13.483433
-1.6223637,0.5045907,-13.580313
19.81811,-4.7020082,8.16774
-1.4929254,0.36778247,-13.56586
-4.7899714,5.601724,8.644606
17.7847,7.932817,6.9957027
-1.5171436,0.53674096,-13.403936
16.997559,-1.8180847,17.5471
1.7219485,-16.114363,1.1975611
11.595118,-0.82000965,-8.887841
-4.4865513,5.644357,8.84383
11.267486,18.783108,13.504222
-4.656725,5.520561,8.724622
2.059488,-16.087326,1.3753773
-1.5511814,0.3785622,-13.308443
-1.5745364,0.1616497,-13.626127
-4.542912,5.4819837,8.907242
10.857431,-8.962081,2.4127717
-1.3781075,0.44764426,-13.487584
-3.0614657,11.501377,22.579388
25.77884,0.4649177,2.4767156
11.131751,18.670702,13.436056
-1.4900018,0.5826449,-13.473706
-10.495075,-6.7418246,12.752334
-14.575526,-7.772831,-3.50029
0.98228335,-8.605601,-1.1066259
-4.7197104,5.508252,8.744804
-4.639726,5.473583,8.76609
1.9230888,-16.116144,1.4010922
0.11102042,22.246052,-4.275382
-1.471136,0.408168,-13.527016
-1.4928573,0.44939786,-13.342921
11.578871,-0.7820559,-8.884487
-4.7492704,5.406003,8.723359
1.9374776,-16.078232,1.2612245
-3.021681,11.464363,22.666828
19.902308,-4.7613177,8.080946
-4.717766,5.539964,8.598451
-1.4613972,0.5359891,-13.488317
14.43075,-0.41995454,9.159545
1.8019109,-16.125153,1.2275976
-4.687526,5.386335,8.593438
-4.6345983,5.721493,8.628038
-3.1222918,11.432227,22.577524
-1.4313246,0.51519394,-13.364832
14.44191,-0.46288294,9.136531
-14.605821,-7.828479,-3.5699012
1.8714043,-16.02795,1.3961407
-1.4016834,0.4461573,-13.342528
17.006771,-1.8125819,17.593338
-4.5288835,5.451454,8.797529
-1.5000886,0.41337666,-13.588521
-4.5968566,5.568435,8.567191
-4.464273,5.3567114,8.5993595
-4.721092,14.293027,-0.050718375
-4.546371,5.613437,8.6675415
0.07608994,22.258955,-4.2887483
19.786428,-4.657019,8.174239
-1.3486025,0.5427473,-13.502759
1.9717369,-16.10098,1.1250265
0.1236212,22.283651,-4.3172565
6.508737,2.2389553,13.516237
25.786844,0.47180167,2.4823117
1.8936217,-16.131342,1.2217159
1.0069032,-8.630211,-1.0820115
-1.5528901,0.5460005,-13.495273
2.0701084,-16.233688,1.3041824
2.3224995,-5.695434,26.120884
-1.4057231,0.30401894,-13.395836
-1.434234,0.4270585,-13.544611
6.5247126,13.018576,5.940642
-1.343624,0.2672181,-13.32445
6.5242033,13.019151,5.9401164
-4.6565723,5.522758,8.730647
18.48811,-7.615508,-4.649045
19.834938,-4.6637435,8.127615
11.291562,18.795082,13.536798
11.573678,-0.7969434,-8.87042
16.954967,-1.8251922,17.549288
-4.5516,5.3205175,8.703848
-4.714494,5.566211,8.582917
1.8436546,-16.268877,1.0529236
-4.461113,5.4519463,8.676878
-4.6963124,14.299169,-0.07551248
-4.4085274,5.471719,8.656597
-1.4706068,0.42085204,-13.4034
-1.4481354,0.41064852,-13.309585
1.8016834,-16.140535,1.1556973
16.95546,-1.9222015,17.559643
19.879915,-4.6335316,8.190305
-3.0985162,11.4064455,22.502073
14.456104,-0.39806244,9.167264
2.329791,-5.700036,26.113625
25.79664,0.48234987,2.4929464
0.060554825,22.323402,-4.2493744
-3.0497231,11.5227,22.586567
-4.5939913,5.440565,8.783068
-3.0189993,11.594154,22.634306
-1.5157179,0.43033198,-13.670656
0.08873943,22.27016,-4.301306
-1.3685596,0.23831095,-13.437023
-3.1108618,11.493771,22.56516
0.10533717,22.29736,-4.328113
1.7971354,-16.082777,1.1692821
1.9595723,-16.10517,1.2332982
-14.504132,-7.713866,-3.5386033
25.817944,0.50300795,2.515478
19.900658,-4.728089,8.177818
25.760614,0.44611898,2.4957647
11.100797,18.851877,13.420534
25.790806,0.47579026,2.4881377
-1.353163,0.6440397,-13.613493
19.752813,-4.6675344,8.069794
-1.339368,0.44850987,-13.500767
14.427141,-0.43303883,9.116439
17.01265,-1.8511086,17.599852
19.801334,-4.7169757,8.094285
1.9975156,-16.066738,1.3153352
17.017418,-1.8602027,17.553686
-4.47963,5.600103,8.651318
-14.495689,-7.7991257,-3.5771294
-4.5378222,5.600677,8.520455
-4.4346395,5.542558,8.691011
0.047085177,22.308004,-4.2906785
-1.2894884,0.5329661,-13.491589
-4.5283623,5.534077,8.67319
14.464218,-0.36842468,9.195171
-3.1426725,11.544067,22.549767
16.092896,7.0504603,3.4910305
-1.3036321,0.306641,-13.513533
11.177141,18.732038,13.576787
11.165416,-5.222423,9.917286
6.721801,12.820939,6.138108
17.789661,7.9385686,7.001506
-4.736961,14.295055,-0.034919478
-1.3555572,0.18419386,-13.573233
-1.5174218,0.26194036,-13.36788
2.5394738,-4.2709656,13.138902
17.805815,7.954039,7.016875
19.79141,-4.5979724,8.105247
-4.4437,5.5444283,8.68515
-1.4117362,0.50946075,-13.470171
11.26719,18.72284,13.407453
11.13892,18.617647,13.568068
-1.3022436,0.4676233,-13.208379
17.797243,7.9455247,7.0084
-14.601315,-7.82945,-3.5466967
-1.2802165,0.49691805,-13.279644
19.834423,-4.7270555,8.153323
19.848776,-4.6356463,8.178031
-1.2331108,0.49510637,-13.430658
-4.9659586,5.1215506,8.618872
19.8032,-4.6727552,8.126522
19.856304,-4.6648245,8.149518
11.6460085,-0.7458066,-8.81729
11.189067,18.802174,13.49141
-4.497826,5.5570683,8.746663
11.163713,-5.2241745,9.918993
-4.7168374,14.293497,-0.055004288
14.430129,-0.4581241,9.09764
0.98334557,-8.606653,-1.1055595
19.893385,-4.60669,8.120036
2.3586595,-5.722516,26.085161
16.997433,-1.8416185,17.576387
-4.588122,5.497751,8.603588
-1.4596076,0.36668417,-13.583875
-4.529009,5.7479267,8.568379
-1.5676628,0.51889366,-13.723928
25.823622,0.5085875,2.520803
-1.5683914,0.4930146,-13.653081
-4.4927845,5.6499324,8.551699
-14.521369,-7.746192,-3.5271373
-4.4746428,5.4296727,8.640601
-1.5376378,0.32457274,-13.621396
9.516206,4.007634,-5.0470495
11.2013645,18.767,13.545134
-1.5130059,0.34443265,-13.608532
-3.094204,11.533307,22.605227
2.30395,-5.6701393,26.139807
11.165186,-5.2226677,9.917579
14.412308,-0.41676724,9.12009
11.169633,-5.2182603,9.913019
-4.540025,5.603134,8.528248
-4.7323403,14.269574,-0.0395398
17.096054,6.810439,5.8253164
19.900326,-4.6166553,8.084024
1.8846977,-16.062075,1.2392728
16.997272,-1.8494757,17.55171
17.102152,-1.7275519,17.538374
2.382334,-5.7587476,26.061432
17.100424,6.8092775,5.8343935
6.480405,2.267344,13.544652
2.2765193,-5.6449676,26.16734
-1.3227259,0.12517327,-13.319658
-3.164369,11.586873,22.639341
17.070957,-1.7941132,17.572872
11.599691,-0.818097,-8.864485
-3.0574367,11.5368595,22.634024
17.483063,7.376471,6.4151125
14.3946705,-0.44855845,9.178909
14.4871435,-0.39455503,9.146264
10.856638,-8.962541,2.4126017
-4.830514,5.667183,8.574777
1.8219271,-16.019997,1.2823833
18.506794,-7.634167,-4.6304727
-10.512533,-6.7592916,12.769783
-4.8072615,5.7716985,8.489692
-3.0418146,11.523201,22.66872
2.5112538,-4.242803,13.110937
-10.496022,-6.7427726,12.753276
2.0221426,-16.044245,1.3749784
-4.7798305,5.754303,8.5181465
-4.706103,14.297717,-0.065906405
-1.4269019,0.20843126,-13.335501
18.498362,-7.6257305,-4.6388845
25.756237,0.44279444,2.4545991
-1.3595171,0.20452966,-13.427382
-14.657996,-7.881541,-3.4697495
11.558133,-0.82282054,-8.888031
-14.507551,-7.7758207,-3.494812
25.762918,0.44812024,2.4598222
-4.9049764,5.1042542,8.662767
-1.2266163,0.51791376,-13.321129
-14.502626,-7.777787,-3.4829614
-4.815358,5.1934657,8.726806
0.98181623,-8.6051,-1.107108
14.402871,-0.4101452,9.139836
-14.624258,-7.8151097,-3.5646856
-1.2859845,0.30846104,-13.282839
14.328616,-0.3650104,9.047021
0.049090892,22.234558,-4.255223
11.542472,-0.8311026,-8.881469
-4.9083323,5.202918,8.663076
-1.2739149,0.5971437,-13.414147
11.341031,18.697794,13.632883
17.778004,7.9261904,6.9890685
-4.668649,5.381015,8.713225
-4.301508,5.5659895,8.519955
25.756346,0.44288355,2.4545567
-4.499226,5.6285563,8.413932
10.857396,-8.962116,2.4127512
11.269928,18.817003,13.465257
25.724657,0.40994906,2.4339302
-4.5621147,5.3835273,8.619475
11.289657,18.63438,13.553569
19.782118,-4.657375,8.157056
-1.3907275,0.28265423,-13.397023
1.933176,-16.303951,1.1544023
11.601679,-0.8576571,-8.868784
19.858994,-4.663899,8.184564
6.516456,13.026841,5.932365
19.828669,-4.7285314,8.16345
-14.633126,-7.7251635,-3.4520352
14.398492,-0.43866825,9.0710335
10.857394,-8.962118,2.4127564
-1.2250384,0.43331975,-13.21487
-1.4014434,0.16202249,-13.326449
0.07684073,22.280369,-4.285289
-4.3608937,5.3197236,8.48853
16.997326,-1.8348037,17.574867
1.9984285,-16.137463,1.2517663
14.414557,-0.4568628,9.099551
25.736383,0.4214147,2.4334729
1.6630856,-16.110949,1.4124491
14.484721,-0.36814275,9.201274
-4.354039,5.2878866,8.495742
14.450173,-0.27751568,9.21119
16.947676,-1.8405904,17.520023
-4.43239,5.470273,8.523907
-14.535267,-7.79813,-3.494865
11.29904,18.84348,13.609104
-14.521748,-7.783814,-3.5348103
17.025078,-1.8268068,17.582806
0.14152956,22.327433,-4.3153214
-1.3568373,0.466388,-13.372601
-1.3331066,0.2716629,-13.36058
19.796362,-4.6627765,8.11104
-4.792275,5.3405657,8.700716
-1.3328568,0.77285546,-13.338253
-1.1901635,0.25747204,-13.495177
1.8031886,-16.233444,1.31918
-4.5263176,5.3325415,8.48098
-4.3118534,5.603806,8.557102
-1.1754735,0.58215636,-13.441917
-4.6755624,14.229317,-0.09631137
14.554765,-0.39514485,9.188243
1.8904972,-16.135653,1.336557
1.7141094,-16.028238,1.3854166
-4.3540125,5.323848,8.355971
-4.5259805,5.31537,8.553636
-1.467297,0.29625085,-13.685343
-14.542723,-7.8303027,-3.5417979
14.451229,-0.3623945,9.11691
14.39269,-0.39162895,9.248595
-1.342477,0.3375499,-13.5395155
14.424308,-0.39087865,9.134006
19.711193,-4.806781,7.977943
25.804693,0.48990026,2.504318
6.552755,12.990564,5.968675
11.202614,18.768042,13.517072
19.715172,-4.6181765,8.015519
-4.3186426,5.533721,8.406963
-4.275638,5.541219,8.300583
1.8366299,-16.04058,1.3182486
25.729197,0.4141912,2.427455
-3.0800123,11.497496,22.640102
-4.404846,5.3385663,8.611399
2.4137652,-5.79002,26.030018
11.547977,-0.78424597,-8.877115
14.479911,-0.3537584,9.208251
2.3032918,-5.673618,26.14051
8.827548,1.6317812,5.486041
-1.3238147,0.63210607,-13.52855
-1.2355517,0.56229764,-13.406185
-4.3857975,5.2752047,8.408088
-4.5354004,5.4468727,8.514011
-1.1591752,0.1859479,-13.568668
1.9523739,-16.154417,1.2254899
-3.2164507,11.305426,22.614182
-3.186105,11.355916,22.690256
19.77506,-4.6529055,8.069273
18.513218,-7.6405854,-4.6240487
25.817238,0.5022157,2.515042
-4.512774,5.2679477,8.49107
17.781939,7.929823,6.99241
25.797688,0.48267013,2.495018
10.857406,-8.962108,2.4127648
-4.425141,5.278229,8.437323
1.795966,-16.171791,1.3470626
6.5708385,12.972463,5.986749
0.021586698,22.239904,-4.253151
-4.6797686,5.1705437,8.582497
25.831703,0.51824474,2.52998
-1.1573478,0.50691324,-13.365156
-4.528578,5.2908697,8.578318
-4.5117316,5.3573155,8.472809
1.773241,-16.19221,1.383336
-10.521752,-6.768509,12.778996
-1.288999,0.017418906,-13.581853
6.4719515,2.2758052,13.553121
11.478735,-0.7407901,-8.953778
-4.620035,5.3135304,8.617429
17.020996,-1.8255404,17.594378
16.976542,-1.8611941,17.517447
25.789185,0.47440118,2.4892538
-4.6088758,5.3650513,8.506334
-4.4609966,5.442198,8.643059
-1.0978422,0.23063642,-13.322748
2.334654,-5.7066956,26.10915
-10.54386,-6.790623,12.801117
14.423357,-0.3685021,9.161678
-3.201573,11.299099,22.646881
-1.2467378,0.5828893,-13.3059435
-1.2174898,0.527225,-13.307338
2.2899778,-5.727722,26.153807
-1.2260823,0.461336,-13.491742
-4.5691857,5.3470283,8.435225
-3.2765203,11.456213,22.623274
-1.2438626,0.31879476,-13.344797
17.476055,7.3707724,6.41279
9.498839,3.9902914,-5.0692973
-4.536818,5.369855,8.516343
-1.2599328,0.16234525,-13.542441
11.255228,18.765501,13.533118
-1.1735697,0.39350432,-13.332927
11.098275,18.609713,13.398036
1.8336027,-16.05998,1.272143
1.761856,-16.225729,1.0837073
1.9870882,-16.19713,1.1721004
-4.681409,5.406943,8.538918
-4.6931205,5.316045,8.552571
-4.4974074,5.269339,8.449093
-4.7165403,5.42884,8.569033
-1.1474882,0.23389605,-13.36641
19.817083,-4.6024866,8.223215
9.530645,4.022087,-5.0568275
-1.1825436,0.16201039,-13.612182
-1.1754727,0.090464,-13.5760145
-4.458119,5.1830864,8.411942
6.5001473,2.2475495,13.524871
-1.0723661,0.5843406,-13.513884
19.927225,-4.6793866,8.186572
-3.1485908,11.463864,22.730091
-1.0325998,0.26484883,-13.424188
16.945555,-1.7974234,17.496256
1.8323972,-16.185076,1.2644495
19.967022,-4.5677156,8.256131
25.806822,0.49180344,2.5048888
-1.2809495,0.08127428,-13.532888
-1.1872807,0.5096021,-13.443278
1.8822159,-16.315214,1.084228
-4.7190275,5.3029037,8.5012865
-1.2239054,0.3884189,-13.375377
1.8656125,-16.24119,1.3092222
-10.565055,-6.811805,12.822318
-1.058424,0.4478327,-13.235698
-4.4707804,5.212515,8.549467
14.356845,-0.4892113,9.051378
-0.9688338,0.44024578,-13.341596
-3.0187914,11.615881,22.527468
1.9744514,-16.277672,1.3119472
0.98052824,-8.60384,-1.1083846
17.768131,7.9165006,6.9794316
-3.1135476,11.579138,22.566093
-1.1153055,0.35913107,-13.378838
1.8513862,-16.268427,1.085394
-14.681305,-7.7164583,-3.4344702
-1.072576,0.5665481,-13.397356
-0.95874995,0.13775848,-13.574854
-2.9518707,11.45597,22.743214
-4.6446724,5.3898506,8.485269
2.3274257,-5.691037,26.11637
-1.0384967,0.16460861,-13.548867
-4.5409484,5.1962733,8.554633
-4.6255903,5.299006,8.590642
11.574875,-0.85240114,-8.921656
-4.6275578,5.336133,8.676608
11.117804,18.777514,13.61822
-1.0985198,0.17665991,-13.431311
-3.0563474,11.529016,22.572245
-4.6904883,14.299044,-0.08129961
-1.2431076,0.2768571,-13.556582
19.765537,-4.735824,8.099631
-4.8180914,5.173489,8.50923
16.983482,-1.8783145,17.5573
6.5476427,12.995669,5.9635563
-4.4769344,5.424102,8.2541
-4.4842463,5.4389696,8.469241
-1.0767936,0.4015384,-13.396662
-4.6028295,5.2595444,8.444589
18.45896,-7.5863295,-4.678288
0.09061128,22.268211,-4.3026433
-2.9799054,11.525671,22.57975
11.53124,-0.7563006,-8.885023
-1.1535069,0.26773456,-13.544888
19.843752,-4.7335663,8.234932
-10.533309,-6.7800817,12.790524
11.163355,-5.2245107,9.91935
14.4021,-0.37375557,9.170377
-4.4722614,5.405364,8.444726
2.2851617,-5.6535444,26.158657
14.498216,-0.50906897,9.043568
-10.519421,-6.766176,12.776668
-4.648471,14.258661,-0.123362735
-4.56348,5.356287,8.534841
-3.278018,11.152063,22.652683
-4.506654,5.2016087,8.427282
-4.6543174,5.181547,8.417335
-1.0702716,0.26363266,-13.52689
-1.1371284,0.4411701,-13.620845
-4.7664676,5.168062,8.515082
11.627401,-0.8516147,-8.849128
-4.820656,5.23338,8.3426895
-14.688676,-7.7311487,-3.4209764
14.414966,-0.43681175,9.116353
0.12733409,22.27685,-4.303147
-0.9682886,0.24732788,-13.394586
-14.579446,-7.7976604,-3.5539327
-4.7150874,5.255064,8.459181
-4.6402507,5.278249,8.428983
-1.135984,0.1976216,-13.5419445
0.094738394,22.28848,-4.295809
-4.705505,5.321341,8.52064
17.818764,7.966918,7.0296345
6.700216,12.842556,6.1164765
-0.9626087,0.5120456,-13.461076
-4.4068837,5.4405684,8.341942
-4.5577435,5.162004,8.314316
0.9818552,-8.605136,-1.1070627
-4.575887,5.2217655,8.19107
-1.0306545,0.32972378,-13.399449
17.688719,7.8381133,6.9010887
-4.679139,14.230908,-0.09236607
9.514172,4.00544,-5.054502
-4.529252,5.3596377,8.225928
-1.1389966,0.28356627,-13.52224
-4.9298863,5.0517635,8.64721
-3.1945138,11.537655,22.718893
-14.539067,-7.7306705,-3.4710732
11.2301655,18.81111,13.502921
-3.1824648,11.394733,22.64018
17.82229,7.9704967,7.033335
-3.153102,11.539914,22.55648
-1.0202255,0.42013857,-13.547715
-0.87582964,0.5529451,-13.605409
11.3202915,18.848097,13.546381
18.512842,-7.640214,-4.624426
-10.481027,-6.7277527,12.738264
11.092468,18.814005,13.509901
11.092956,18.648054,13.400803
11.105371,18.70394,13.590912
-4.3447247,5.431507,8.302229
-10.491902,-6.7386584,12.749167
-14.502703,-7.719882,-3.4753747
-0.97512674,0.3853214,-13.488942
-1.1012352,0.50249255,-13.407677
9.469822,3.9611993,-5.089334
-1.0697364,0.22567818,-13.709384
-1.0953246,0.32672262,-13.672717
19.88456,-4.6204424,8.071762
16.972975,-1.8808004,17.556082
2.0703056,-16.271385,1.0744829
16.930565,-1.8956093,17.48183
-4.6110015,5.1708336,8.320561
1.755046,-16.137499,1.2628666
19.770191,-4.718004,8.115477
1.8285944,-16.21516,1.2244799
6.721739,12.820991,6.138047
-4.3736086,5.3322816,8.206887
-0.8873736,0.3352144,-13.514051
-4.5911274,5.2869587,8.326919
11.580429,-0.83370197,-8.881332
17.798431,7.9472094,7.0100384
-10.535147,-6.781919,12.792401
11.149651,18.78963,13.530374
18.516148,-7.643512,-4.6211343
-0.9915596,0.563826,-13.636085
-1.1960052,0.3486065,-13.534953
-1.0250512,0.6293818,-13.590974
2.496859,-4.2283645,13.096297
1.838,-16.20603,1.283236
-0.96082264,0.3592232,-13.629639
1.9107572,-16.395819,1.1532518
-0.9611931,0.492541,-13.490052
-4.4615817,5.374928,8.172865
-4.649777,5.124401,8.331605
0.9622107,-8.585494,-1.1267154
2.357636,-5.7257185,26.086212
25.763752,0.4487084,2.4617853
-14.581516,-7.7781887,-3.4988084
-4.631171,5.229481,8.32911
16.98584,-1.8118799,17.584236
-14.476492,-7.690374,-3.5083997
-0.9715083,0.37706822,-13.543475
-3.0848777,11.4859085,22.592623
-4.878693,5.2589884,8.304048
-4.8610663,5.1321955,8.432388
1.8895781,-16.376526,1.1824739
-0.9818104,0.5194806,-13.673999
9.499252,3.9907062,-5.0698237
1.7344847,-16.235796,1.3777544
-1.0204985,0.38073584,-13.659936
-4.624301,5.2045317,8.171685
19.785368,-4.643559,8.116618
14.405607,-0.46445736,9.092171
-4.771354,5.158888,8.213091
9.553501,4.044858,-5.015674
-4.6411395,5.1067,8.317321
2.2928114,-5.66424,26.150991
-4.7567134,5.2364964,8.323696
2.5218608,-4.253325,13.12131
-4.8268204,5.284724,8.253181
1.827591,-16.120863,1.2481452
-0.86563915,0.34826228,-13.619834
-0.8070473,0.35817784,-13.714738
-14.577577,-7.775941,-3.4945168
-3.0261323,11.566701,22.754768
1.9057313,-16.336493,1.4206946
9.529676,4.02114,-5.0387993
-4.565671,5.253478,8.100506
16.923674,-1.774737,17.479275
14.356472,-0.44074017,9.090437
19.872997,-4.6253653,8.174996
1.7531276,-16.332937,1.394615
16.974684,-1.9078977,17.486828
-4.4953017,5.2572227,8.162201
-0.96285725,0.32876718,-13.825873
-4.5478,5.2633286,8.299264
-1.00417,0.20920792,-13.673793
11.143402,18.737705,13.422753
-0.9212749,0.4883146,-13.640784
0.10296647,22.320833,-4.305114
16.096336,7.0464015,3.4936407
-4.625813,14.288114,-0.14603041
-4.67072,5.204774,8.269858
-4.6974897,5.066162,8.231516
-3.2794578,11.187851,22.659262
1.7919763,-16.32881,1.325848
-1.0346272,0.49080813,-13.682684
-4.565295,5.333188,8.143124
-0.8752224,0.43538842,-13.711261
-0.9494847,0.6309162,-13.626951
-3.1439853,11.559408,22.542006
-1.0346868,0.5424697,-13.839395
6.4516397,2.2961287,13.573438
9.484725,3.9761503,-5.082932
25.837067,0.5235345,2.5330484
-10.5116625,-6.7584186,12.768917
18.45127,-7.5786433,-4.685993
2.524807,-4.2562914,13.124234
-4.699761,5.1333036,8.25163
-0.81185603,0.4387976,-13.824437
-0.9963233,0.24075693,-13.821199
-14.569184,-7.791925,-3.5287309
18.476906,-7.604293,-4.660342
-3.0560436,11.42379,22.648834
-4.6781607,5.215308,8.097733
-0.8314498,0.5884966,-13.901598
11.503562,-0.68158686,-8.949312
1.9483387,-16.30354,1.3463134
16.925364,-1.9148579,17.627247
11.569401,-0.8088485,-8.890551
1.9289117,-16.293245,1.2365501
14.535682,-0.2986108,9.295109
-4.785553,5.1764064,8.113364
-3.1015058,11.637192,22.513914
-3.0066454,11.565227,22.569008
14.579416,-0.38507062,9.281309
1.8936144,-16.325825,1.2229462
-14.545522,-7.74341,-3.5836275
-4.6306524,5.229443,8.219978
1.8729268,-16.345642,1.2913138
10.857381,-8.962135,2.412759
14.442321,-0.41528973,9.179782
8.827642,1.631864,5.4861236
11.143046,-5.2448573,9.93973
0.0636202,22.236946,-4.274464
1.8083452,-16.363703,1.3420358
1.8658524,-16.350857,1.1355393
1.9205118,-16.295078,1.253371
9.511701,4.003183,-5.0358787
11.16855,18.696394,13.492546
18.485329,-7.6126876,-4.651937
2.359323,-5.731922,26.084562
-4.6434474,5.3412395,8.199748
11.557673,-0.80249554,-8.8774
-4.8036537,5.13145,8.178798
0.039182544,22.22957,-4.2471514
-4.689682,5.231618,8.099054
-0.88886887,0.65337086,-13.709365
11.080283,18.649559,13.438205
-0.9948146,0.44756922,-13.704518
-1.0598351,0.65279293,-13.882832
17.056458,-1.1936185,17.177504
-1.0443301,0.2482275,-13.899313
-0.87329525,0.32388988,-13.893488
-4.8311343,5.177213,8.085525
-1.0729073,0.6542162,-13.73459
2.32939,-5.697959,26.114473
-4.4914746,5.2396207,8.05877
-4.565787,5.357575,8.010873
19.801708,-4.7468495,8.067153
-4.668416,14.284156,-0.10331892
25.719244,0.40432918,2.4190352
-4.790537,5.198601,8.212299
2.5347428,-4.2662563,13.1341915
16.983276,-1.7992877,17.627708
-4.8021126,5.271502,7.972823
-10.502376,-6.7490478,12.759703
17.085981,-1.9507236,17.482939
-4.762681,14.329736,-0.009230406
-4.7824955,5.390282,8.138418
-0.99485356,0.58374226,-13.827903
-1.051005,0.60638183,-13.776824
11.623165,-0.7989655,-8.843535
-4.7045712,5.225426,8.030439
-4.5992503,5.399039,8.082653
14.45393,-0.47848928,9.188703
-14.594852,-7.770506,-3.5195243
-14.539235,-7.760586,-3.477644
2.0491464,-16.408693,1.1639233
11.170283,18.72901,13.451839
-4.7080073,5.29444,8.019008
-4.739125,5.3320146,7.858329
-4.63365,5.367983,8.093972
9.511794,4.0032487,-5.0578685
-3.0940216,11.4960575,22.664354
-4.751467,5.340407,8.070365
14.403552,-0.45496336,9.186645
9.533655,4.024549,-5.0634236
1.9877633,-16.362923,1.0770016
-4.761077,5.376789,8.019909
1.9621423,-16.325302,1.2956313
-3.0800571,11.450392,22.743961
-4.706386,5.39459,7.839426
-5.0117555,5.384213,8.052282
-4.7671022,5.461616,8.079531
-4.7743583,5.385647,7.936508
11.578957,-0.86309063,-8.925236
-4.8912845,5.4275837,8.015641
-4.913245,5.370986,8.120671
-4.6820173,5.208596,7.9824476
11.171988,18.844845,13.429368
18.473429,-7.600803,-4.66385
6.413376,2.3343365,13.611644
9.5396595,4.0310082,-5.0234056
-2.9208317,11.43493,22.457615
9.508239,3.9996312,-5.1027822
-0.87896603,0.65054125,-13.832529
2.0586905,-16.257456,1.4503944
16.919464,-1.7693628,17.626827
11.160691,18.865252,13.616041
-4.757743,5.515887,7.9550185
1.9014385,-16.388882,1.2052457
-4.800485,5.473818,7.86604
11.298427,18.702541,13.431165
-4.798207,5.400825,8.088633
-4.9081154,5.369713,7.881068
-0.85690624,0.49585137,-13.783452
19.93967,-4.6202583,8.14605
-0.96428776,0.49862087,-13.8246355
9.574953,4.0662026,-4.9958267
-4.8523946,5.3880076,8.063352
-4.6791143,5.508714,7.9967146
1.8882964,-16.301176,1.3088679
14.569733,-0.37899205,9.29558
11.162513,-5.2253494,9.920251
2.016477,-16.337368,1.234357
11.256318,18.799686,13.42965
-3.0814044,11.502838,22.674276
18.45156,-7.5789437,-4.685717
1.9275701,-16.236416,1.4186095
-4.940098,5.5070524,8.008012
11.16725,18.648642,13.383723
-4.8754077,5.5180244,7.9676776
-14.460677,-7.6769085,-3.4417598
-4.908306,5.3935795,8.105311
-4.982261,5.4660144,8.036275
16.159706,6.9838815,3.5580008
11.322694,18.636286,13.48307
1.9615369,-16.457561,1.2877846
1.9325857,-16.358944,1.3978156
-0.9677764,0.5853755,-13.9321
16.999626,-1.8434274,17.541777
9.525315,4.017597,-5.0198526
-4.9962354,5.3791213,7.9123187
18.44259,-7.569986,-4.6946893
1.8786687,-16.307991,1.3587022
-4.8657455,5.593194,7.8754907
-1.0491183,0.65594006,-13.870285
-4.9061995,5.469877,7.977099
-1.0951138,0.46092963,-13.971032
14.557712,-0.34984732,9.267341
2.0594192,-16.34297,1.203783
0.044367313,22.24123,-4.247581
18.455677,-7.583052,-4.6815925
-4.9735084,5.573134,8.047099
18.472025,-7.5994115,-4.6652565
-1.0824733,0.59653306,-13.754801
-5.04012,5.458709,8.007234
11.588951,-0.7305731,-8.815514
2.1033654,-16.150423,1.436791
0.113281384,22.194332,-4.2280445
-0.9850914,0.47273222,-13.928701
-4.78085,5.8563924,8.347637
-0.8941344,0.47225362,-13.851258
11.222097,18.758707,13.442998
-14.569796,-7.8197837,-3.5419455
-4.698711,5.731376,8.250182
-1.0995201,0.55250335,-14.01785
1.9535513,-16.308748,1.2897595
-5.035,5.438196,8.43329
-1.0289904,0.4540485,-13.884642
-3.1832037,11.412099,22.653988
1.9099116,-16.417955,1.3548837
11.2783165,18.603848,13.524281
-5.1194787,5.6693263,8.473566
-14.613912,-7.7854652,-3.5294755
-4.7098885,14.303625,-0.06196603
-10.514553,-6.7613196,12.771813
14.546164,-0.2901257,9.266308
0.9843281,-8.607468,-1.1046733
-14.449669,-7.8005276,-3.4409492
2.0163612,-16.298977,1.3922942
-14.610725,-7.764409,-3.5889373
-1.0230573,0.499793,-13.909069
17.15879,6.8841524,5.907973
-4.9395833,5.2536902,8.521174
-4.6421967,5.198315,8.457817
-1.0430057,0.46503192,-14.003771
-10.561868,-6.808626,12.819113
-5.120877,5.608698,8.470024
1.9734292,-16.337729,1.2693387
6.4751115,2.2726264,13.549992
20.39037,-4.2105837,7.4060807
-0.99197465,0.56860757,-14.015582
-3.2716453,11.200614,22.702738
8.827684,1.6319358,5.48618
-4.714206,5.186811,8.368212
16.943375,-1.7999563,17.644928
-4.722601,14.270542,-0.049244292
-1.4380741,0.69468075,-13.793012
2.0014038,-16.399168,1.3547863
6.5538287,12.989496,5.9697347
-5.0993643,5.481099,8.370332
11.16613,-5.221663,9.916619
0.9986638,-8.621512,-1.0904406
11.246789,18.694927,13.427647
-1.17196,0.4579398,-13.468852
0.08135164,22.291014,-4.313577
-3.3024337,11.161049,22.662632
9.527284,4.018623,-5.018361
-1.1788783,0.4584342,-13.39887
11.241133,18.776287,13.49098
11.549999,-0.8343928,-8.930611
-5.007503,5.3613176,8.455282
25.750778,0.43738055,2.4497948
-1.5274557,0.17161508,-13.796045
2.065597,-16.332787,1.3321404
-4.8793406,5.2657547,8.416473
-4.524674,5.6679873,8.225063
-4.8852057,4.870843,8.233341
11.526845,-0.77796304,-8.879337
-1.3141495,0.35543874,-14.196341
-14.620318,-7.849133,-3.5381253
-4.7902827,6.134598,8.252229
6.470045,2.277709,13.555076
-5.1466265,5.8440332,8.66409
11.184772,18.816727,13.346492
-3.1616793,11.49906,22.546791
-1.317434,0.096514426,-13.678394
11.262953,18.89349,13.464905
11.128921,18.704336,13.428332
-4.366745,5.7960944,7.9972982
-4.9068303,6.173125,8.635992
-4.5069633,5.7957706,8.801872
-5.116248,5.081596,8.395528
25.808973,0.49403766,2.5084972
-4.679404,14.28824,-0.09254664
-5.247993,5.1593575,8.463635
-5.2096844,5.262904,8.556929
-1.268459,0.66070545,-13.518006
-4.35522,6.056354,8.747969
-4.72406,14.299717,-0.047877274
-4.6874347,6.144967,8.08473
-5.291811,5.1348653,8.276067
1.9990183,-16.36334,1.3511075
-4.3305206,5.8268065,8.690696
-4.526046,6.0057683,8.293417
-4.3516235,5.87535,8.769452
-5.2227616,5.8570905,8.169433
0.07274084,22.306507,-4.3543386
0.061980106,22.288849,-4.349249
17.232853,6.973232,6.000583
-1.2949882,0.49251285,-13.686984
-4.3667355,5.9863005,8.496785
1.9830065,-16.265917,1.1223857
-4.602106,5.9466987,8.422055
-1.417956,0.7708173,-13.557148
11.195062,18.761974,13.491706
-4.4321017,5.9484277,8.642709
-14.537386,-7.7449517,-3.4855964
-5.024668,5.9006357,8.242684
25.750355,0.4337817,2.4467874
6.5581446,12.985199,5.9740286
-1.2348299,0.63183254,-13.716551
-4.514903,6.1181045,8.511566
-10.600155,-6.8468914,12.857405
-4.751616,5.880112,8.005921
-4.6078153,5.9635944,8.778491
-4.286632,5.558914,8.034778
17.801073,7.9493628,7.012258
11.2127285,18.735094,13.408301
-4.9192605,5.9584575,8.035146
-14.614804,-7.8319445,-3.526969
-4.5076795,5.666973,8.0885315
-14.505129,-7.8065743,-3.4829414
-4.7171755,14.255762,-0.05478136
-1.4515938,0.79696244,-14.077174
6.471019,2.2769396,13.554371
-1.5990455,0.6317207,-14.149811
1.8594763,-16.375246,1.2577345
-1.2463703,0.70483273,-13.440079
18.487564,-7.614945,-4.6497245
11.204911,18.57493,13.634183
25.70998,0.3965608,2.423566
-1.3895448,0.54463726,-14.35186
11.26879,18.717958,13.372235
-4.662299,5.8345947,8.210907
1.9235313,-16.216166,1.5020044
17.787348,7.936511,6.999384
-3.089539,11.439929,22.474733
16.10677,7.036128,3.504721
11.353364,18.620178,13.420853
-4.9171443,5.85856,8.394847
11.313807,18.65735,13.451898
18.454153,-7.581535,-4.6831303
-4.550383,6.030874,8.234947
-1.2102215,0.9322641,-13.821272
-1.3901007,0.86747503,-14.117125
-4.622415,6.004533,8.28761
14.359681,-0.38460097,9.078681
2.3542416,-5.7223206,26.089619
-1.1622777,0.3382676,-14.1746855
0.06415208,22.22436,-4.250674
-4.476531,5.8437815,8.304933
1.737642,-15.983961,1.3433897
6.43896,2.3088276,13.5861225
2.526991,-4.2585382,13.126449
-14.515651,-7.8356876,-3.5697203
-4.790555,5.663552,8.083491
-10.514367,-6.7611175,12.771611
2.106691,-16.282534,1.2570524
-4.2313437,5.798561,8.163125
-1.2982322,0.26664206,-14.083023
19.85174,-4.641628,8.17022
6.494207,2.253542,13.530901
-1.3085063,0.7761411,-13.879258
11.163412,-5.2241244,9.919741
-4.629601,5.9557366,8.316542
6.4454412,2.3023415,13.579706
17.100924,6.809616,5.835333
11.622435,-0.79765964,-8.86491
1.8061376,-16.34247,1.1139967
25.817598,0.5027884,2.518038
-1.0768586,0.8076517,-13.87245
1.7716222,-16.234217,1.5978028
14.424056,-0.41641355,9.133972
18.563564,-7.6909337,-4.573769
0.1267735,22.313547,-4.3412604
-1.5386322,0.90884936,-13.8814745
-4.2840967,6.04515,8.283287
0.12032725,22.335085,-4.3429146
17.05068,-1.9054586,17.487497
-4.5505877,6.088177,8.337232
20.457375,-4.1557617,7.322586
-1.2223786,0.7707726,-14.00876
-4.50505,5.884574,8.111306
6.6960053,12.846777,6.1122656
8.827783,1.6320486,5.4862432
-4.4639688,5.889519,8.095904
0.929324,-8.552567,-1.1596102
11.078163,18.693789,13.636356
2.0971532,-16.099072,1.3379257
-1.722973,0.9011649,-13.904747
19.816853,-4.726968,8.166344
-5.136196,5.45501,8.18491
-14.528002,-7.737079,-3.4954455
-5.047474,5.7138553,8.113363
-14.481412,-7.684493,-3.4259646
2.0013137,-16.228275,1.5671331
17.131865,6.8674774,5.8441515
2.109744,-16.169363,1.4561425
-4.8295846,5.73648,7.9166255
-10.49085,-6.7376103,12.748098
-1.4551919,1.0460752,-13.929824
11.081153,18.609907,13.585193
-1.2764375,0.66835755,-14.035778
-4.543452,5.871212,8.18331
-4.7366385,14.277352,-0.035306495
2.3920395,-5.751275,26.051798
-3.1972775,11.551461,22.728031
-3.028098,11.537616,22.567245
-1.3806493,0.8623719,-13.738352
2.2976177,-5.664793,26.146238
16.100735,7.0417767,3.498141
-1.1522202,0.8683716,-13.95455
-4.6351852,5.9150352,8.045422
11.640383,-0.873939,-8.858854
14.466829,-0.3811318,9.191722
17.116049,6.8337903,5.8450956
19.866322,-4.75932,8.124115
-4.632535,14.204364,-0.13943388
-1.520014,0.5882063,-14.186983
14.347449,-0.47642612,9.13708
-4.929588,5.9820786,8.191812
-4.734861,6.097853,8.2053585
11.090439,18.610159,13.50695
16.99919,-1.8604277,17.585302
-1.1333853,0.3818827,-13.944623
6.4853044,2.262418,13.539748
-4.50273,5.9956036,8.2306595
11.591256,-0.8258962,-8.928787
-3.1859298,11.380218,22.767405
-1.3863792,0.89930785,-13.855452
1.7029318,-16.244385,1.2977488
-5.345963,5.6169176,8.134525
-1.3535588,0.5316508,-14.130932
-1.6387382,0.8638792,-13.780382
-4.7774234,5.835359,8.167994
-1.3137523,0.48577175,-14.094602
-1.2902144,0.74991095,-13.942628
17.036554,-1.3120314,17.258863
-1.3333522,0.48964238,-13.887081
0.18461138,22.18931,-4.3907857
-4.506978,5.6665573,8.199122
-1.7096076,0.6545075,-14.038226
-4.2975707,5.904724,8.28018
17.835241,7.983572,7.04643
11.211221,18.737446,13.430056
1.9630125,-16.007473,1.4064778
16.101274,7.041128,3.4987233
-4.5416236,6.0329943,8.051959
11.069626,18.661875,13.563025
-3.2835631,11.258128,22.679625
-3.338817,11.117478,22.6844
-4.637533,6.082999,8.126282
-3.2224424,11.289989,22.619324
-5.015155,5.8123813,8.071336
-1.2518502,0.5212157,-14.083948
-4.654323,14.236706,-0.11765137
17.850655,7.999222,7.062182
16.100744,7.0419054,3.4985585
25.726862,0.41202268,2.425678
-4.7963076,5.711613,8.077779
2.1530516,-16.28145,1.3576846
2.3696895,-5.7361803,26.074165
6.708494,12.834286,6.1247625
-3.0427132,11.56622,22.695505
17.789337,7.937901,7.000891
-3.1919458,11.450508,22.621267
-3.2682111,11.18911,22.691605
-4.618162,5.9802256,8.198511
1.7326142,-16.31185,1.276982
-4.95517,5.633989,8.194821
0.9895021,-8.612289,-1.0996838
-4.923792,5.6631956,8.221102
11.687831,-0.8702148,-8.78659
1.9302083,-15.989538,1.1579154
-1.4545382,0.7128489,-14.048697
16.922306,-1.8866485,17.494236
-1.4181072,0.6870357,-14.124504
-5.061258,5.6501975,8.01203
-1.3432848,0.21644899,-14.107467
-5.0931363,5.5730023,8.379459
11.085531,18.859314,13.587385
-4.9110007,5.960697,8.292775
-4.837112,5.7302117,8.071359
-3.046671,11.472253,22.61558
18.525627,-7.6529965,-4.6116695
-2.9850628,11.472913,22.532732
-5.1856017,5.4991503,8.281978
-0.0005939151,22.332254,-4.2263346
-3.1588182,11.375873,22.771248
11.366837,18.719997,13.309932
-4.753821,5.830408,8.266637
-5.2319303,5.6481752,8.470809
-1.3980751,0.3413748,-14.08093
16.941366,-1.8664268,17.49209
9.472022,3.9634645,-5.09408
-4.7336025,5.675249,8.446558
-3.068222,11.410663,22.76906
-4.6466665,6.092505,8.561867
-14.654022,-7.807492,-3.51914
2.2820356,-16.225584,1.3181278
-4.5305266,5.871698,8.312461
-4.805845,5.7862864,8.185699
11.321329,18.895164,13.597733
-1.5540042,0.6882333,-13.944725
-1.504064,0.51489043,-14.037841
9.552613,4.0439563,-5.038294
-1.6172408,0.58321047,-14.155941
-1.5040581,0.7509707,-14.044245
-1.4651936,0.30634633,-14.119116
-1.3794008,0.5288041,-14.199425
20.46198,-4.151863,7.31736
16.100145,7.044051,3.500005
11.638524,-0.83035696,-8.838661
-1.2242359,0.46392545,-14.047714
8.826251,1.6300397,5.4839497
2.352268,-16.021093,1.3203759
2.215536,-16.207916,1.2082673
-4.982709,6.0605183,8.311173
2.1760137,-16.38242,1.4223509
2.2315955,-16.249712,1.5379975
19.749418,-4.713008,8.060118
-1.5486941,0.4460179,-14.034242
-4.6957936,14.309544,-0.076971844
19.861353,-4.6654954,8.183302
2.2561574,-16.192858,1.6565083
-1.1791899,0.38451573,-13.925987
-5.0123568,5.6836886,8.480478
16.062853,7.0800366,3.461469
2.3267586,-5.6966996,26.11704
2.3051755,-5.6728244,26.138735
-1.4726567,0.2699811,-14.109232
-5.3476243,5.7191095,8.279172
0.106567055,22.244968,-4.277273
-5.088019,5.9113517,8.06866
-1.4333556,0.26125616,-14.124147
19.823725,-4.596492,8.07898
-1.6492668,0.20964885,-14.078927
-5.228187,5.518241,8.301665
19.892414,-4.76392,8.180502
6.652693,12.8904505,6.0687127
-1.4525627,0.21137166,-14.059682
-1.5283718,0.27520394,-14.076667
17.036497,-1.8077567,17.512388
10.981517,18.590145,13.593705
-1.5630465,0.3575507,-14.115665
11.351022,18.651297,13.725251
-10.448062,-6.694798,12.705306
-1.850627,0.35142905,-14.174006
6.550207,12.993141,5.966085
2.0592747,-16.19831,1.5881178
-4.726091,14.284028,-0.0452337
16.923431,-1.9463081,17.465845
25.780354,0.46681127,2.4796476
-1.3818905,0.71923035,-13.973019
17.786308,7.934677,6.9974804
2.2602007,-16.110268,1.4321133
-1.894933,0.5025186,-13.926506
11.330999,18.807793,13.678215
2.3348598,-5.667882,26.110878
14.331194,-0.41718727,9.184062
11.556521,-0.78404856,-8.896453
-1.8343835,0.4175009,-14.035462
-3.0831254,11.515246,22.620613
-1.4914832,0.34865284,-13.999585
11.159206,18.583055,13.508446
-5.1518793,5.7155466,8.261043
-5.0482926,5.787483,8.363725
0.964745,-8.587959,-1.1242111
1.8094337,-16.256025,1.6572217
11.102476,18.686956,13.350323
6.4877877,2.2599952,13.537364
19.82788,-4.575065,7.9808235
17.81971,7.9682336,7.031174
-5.0206375,6.0035806,8.391103
-1.5119807,0.2879055,-14.03966
2.368052,-5.6663504,26.075802
17.818222,7.966634,7.0295134
-1.6427132,0.653224,-13.976866
-10.4654,-6.7121544,12.7226515
2.098321,-16.22778,1.0254402
14.497486,-0.36605415,9.203429
-1.7236655,0.3782233,-14.088972
-5.3153934,5.8471327,8.235261
-1.7259554,0.38008207,-13.947274
-1.6772561,0.24542071,-13.888874
-1.6939253,0.35841197,-14.003004
2.0364685,-15.976518,0.9456354
6.436113,2.3116379,13.589017
-5.105417,5.7051272,8.282407
18.507782,-7.63515,-4.629542
16.099817,7.044561,3.4999642
-1.629207,0.5835755,-13.820993
-1.8397192,0.47887757,-13.896089
-1.9373941,0.1331025,-13.963038
17.737598,7.8874474,6.950431
2.2017887,-16.19518,1.069585
9.490454,3.981832,-5.0603757
19.807701,-4.634257,8.067388
19.92597,-4.678399,8.212258
-1.6976824,0.29540744,-13.963255
-1.7201363,-0.02531626,-13.612475
1.874499,-16.135874,1.624501
-14.515836,-7.720982,-3.4772413
-4.9160748,5.8993263,8.456391
-1.7366855,0.7437456,-13.860327
11.148855,-5.2385497,9.934465
-14.479258,-7.751263,-3.6052032
-5.11826,6.013242,8.314941
-4.9792023,5.9140296,8.616531
9.438838,3.930298,-5.1264563
-5.141347,5.908158,8.3541355
2.1348658,-15.864114,1.3800912
-5.0732074,6.0663695,8.410524
-5.1441097,5.8820233,8.326714
2.1404195,-16.210217,1.02697
11.315483,18.8689,13.609401
11.310124,18.762276,13.422355
-2.9394712,11.522649,22.613447
2.5085332,-4.2400084,13.107952
19.78222,-4.7998834,7.9816856
0.9806363,-8.6038475,-1.108328
-1.8133503,0.3475454,-13.965881
-5.2371182,5.557943,8.408548
-5.103322,4.9650016,8.597315
19.864023,-4.6709304,8.178059
6.504892,13.038532,5.920725
-5.120789,5.9860883,8.314769
16.14215,7.001169,3.5410426
2.0400038,-16.043226,1.1386697
-10.572866,-6.8196225,12.8301115
2.1480215,-15.923216,1.3709368
-1.9592941,0.15152441,-13.729312
-5.1072707,5.647374,8.4482765
-2.009763,0.53196615,-14.048876
19.814262,-4.7240705,8.063914
-1.6421726,0.65205634,-13.933361
-1.6275141,0.6014412,-13.806649
-1.5478181,0.052787557,-13.818188
17.789349,7.938519,7.001426
0.016002562,22.204628,-4.224871
-4.8068457,6.1554933,8.963046
-4.870176,6.017726,8.553539
14.504884,-0.46836412,9.147974
-10.5520115,-6.798754,12.809263
6.7054677,12.837337,6.1217237
-5.230149,5.5269594,8.671825
16.958254,-1.8208401,17.52423
-5.0512342,5.9265814,8.539975
11.616289,-0.75389767,-8.884328
-4.8569937,6.173602,8.653538
-3.0389493,11.482522,22.587145
-14.559767,-7.756528,-3.489199
-1.7843119,0.34603247,-13.701925
-1.9719216,0.6189006,-13.738159
-5.0516915,5.909373,8.611368
-5.368391,5.6830735,8.52391
11.30199,18.627659,13.538788
-1.6355621,0.47652906,-13.7964115
-5.18676,5.7287207,8.547418
2.5352807,-4.266818,13.134706
11.620481,-0.87226546,-8.932985
-14.475387,-7.711791,-3.4562926
6.493961,2.2537644,13.531135
14.477659,-0.3663466,9.196978
11.211242,18.80618,13.57138
-5.217081,5.934088,8.562119
17.049067,-1.3271883,17.264996
-1.5641919,0.49667338,-13.890893
14.547558,-0.34439442,9.2310295
-5.15128,5.78304,8.548897
-5.042921,5.6868815,8.781622
0.059707988,22.226765,-4.2554755
9.519316,4.0106335,-5.0514507
-1.80117,0.19431989,-13.745301
-5.1201987,5.740987,8.614629
-1.8840224,0.10708619,-13.597657
-10.504414,-6.751183,12.761662
2.1526551,-15.934953,1.5658491
-1.9105309,0.47215077,-13.821883
2.124137,-16.121035,1.2105881
11.317415,18.737776,13.650174
-5.149195,5.750403,8.668462
-1.9328877,0.42009082,-13.788731
1.8284171,-15.884676,1.3844316
16.946596,-1.9220451,17.626923
-1.7889532,0.40459093,-13.580972
-5.1276445,5.561919,8.862182
-1.8520514,0.08614728,-13.548889
-1.8304082,0.58622813,-13.550354
2.00584,-15.930793,1.2660213
-14.613734,-7.781145,-3.46617
8.830222,1.6347061,5.488485
-5.0946207,5.903974,8.62311
-3.0599623,11.658889,22.473974
-5.048161,6.0885463,8.832803
1.6060764,-16.229923,1.1754094
-1.7358155,0.37320277,-13.87523
-5.215719,5.564984,8.508173
-5.121461,5.6051955,8.8930025
0.11553744,22.307396,-4.324987
-1.9173619,0.5440204,-13.727841
-4.7600827,14.248161,-0.011875897
-5.258248,5.741786,8.869462
2.306832,-5.6749477,26.137062
2.3355708,-5.706049,26.108324
18.475407,-7.602861,-4.661743
-4.9824557,5.7319117,8.768102
-3.0169945,11.569852,22.522528
-4.9899282,5.788781,8.824609
6.699097,12.843795,6.1152916
2.297596,-5.66735,26.146261
-1.7808095,0.5078934,-13.619762
-1.7050121,0.47022867,-13.75129
2.0768702,-16.013517,1.5216198
-5.042382,5.792625,8.79576
-1.698668,0.11681794,-13.56468
-2.9238858,11.637697,22.600506
-3.0425613,11.341359,22.46123
16.1005,7.027305,3.4827666
-4.909974,5.8078804,8.995048
-5.125601,5.6778493,8.594473
6.6856623,12.857159,6.1019063
-1.8522401,0.40319464,-13.486444
11.685755,-0.9108426,-8.95064
-1.9176023,0.45517865,-13.682522
-4.9611835,5.8842316,8.7685585
1.7193631,-16.313553,1.5603722
-4.6732583,14.274356,-0.0987271
-1.8848513,0.4640696,-13.644091
-14.603945,-7.698683,-3.5766227
-14.458508,-7.6799197,-3.4166038
11.498319,-0.8625853,-8.987299
-1.7538041,0.65303195,-13.802287
-1.7736225,0.09027953,-13.506342
17.101885,6.8111053,5.836429
-1.6551712,0.19868465,-13.696894
-1.7157938,0.3000175,-13.217518
0.17297778,22.192396,-4.3829517
17.112778,6.8318934,5.8422403
-4.7009115,14.25365,-0.07107771
-4.9041314,5.8659716,8.967341
11.130139,18.71845,13.56487
-1.7274739,0.625484,-13.379322
-2.1294186,0.5442185,-13.5384445
-1.8446566,0.30127987,-13.424813
-4.967915,5.7442746,8.834437
-3.3226922,11.10734,22.663443
-4.7419357,5.649893,9.174495
-1.6728548,0.6945694,-13.387341
-14.498407,-7.8980947,-3.6414418
14.503575,-0.39264095,9.231486
-3.2394826,11.585375,22.605398
-1.8175832,0.74221605,-13.4184885
-1.658484,0.055541858,-13.6948395
2.2125292,-16.103642,1.073914
-4.7196836,14.28268,-0.052310012
-1.7053262,0.24183872,-13.292431
-5.227024,5.8291054,8.774495
-4.8473268,5.6429977,8.989609
17.075985,-1.7477888,17.473366
-4.9267206,5.5875626,8.930913
-2.9359438,11.528062,22.62731
-4.7531524,5.9095807,9.12928
-4.9904165,5.674028,8.926481
2.275115,-5.642239,26.168734
-3.1730387,11.595487,22.60732
1.9353826,-16.241734,1.6254187
-4.7796946,5.742018,9.098624
11.579679,-0.8124102,-8.840094
8.828907,1.6329044,5.4866257
-1.7836614,0.62703055,-13.421393
-3.1734009,11.536925,22.681633
1.81806,-15.946164,1.3266567
2.1838868,-15.9075165,1.2361095
2.0082922,-16.207272,0.94169825
-4.7340655,5.787691,8.953217
11.2112055,18.92816,13.51019
2.1181521,-15.9522915,1.0648516
1.9950917,-15.919825,1.4979972
-1.753561,0.24077144,-13.337556
6.420888,2.3268785,13.604267
2.0329447,-15.908336,1.2268124
6.4761086,2.2716515,13.54905
-1.6543107,0.087000355,-13.352505
1.8575637,-15.824482,1.1553308
-1.8138605,0.5938736,-13.293083
9.543115,4.03454,-5.025202
18.488548,-7.615927,-4.648783
1.5767695,-16.0636,1.4129713
-4.768403,5.6686707,9.062176
1.6067042,-16.109797,1.3479298
1.6727827,-16.228605,1.1280866
1.6876684,-16.10335,1.0783409
14.474852,-0.3457711,9.275572
6.471724,2.2760549,13.5534725
6.6266427,12.9165745,6.0426216
-5.0980487,5.039708,8.710755
-4.766151,5.5367546,9.019435
-1.6742759,0.5028059,-13.2677355
-1.5628268,0.18639259,-13.346745
-1.7755766,0.30849957,-13.539062
-4.9412727,5.605079,8.975814
14.470634,-0.34084094,9.210046
11.68995,-0.80451864,-8.787475
19.736303,-4.556248,8.026167
2.506768,-4.238397,13.106253
1.8473377,-15.951705,1.1882393
-10.533963,-6.781269,12.791428
-1.5806783,0.6916559,-13.189359
-1.7098246,0.40212312,-13.327297
11.570976,-0.80025136,-8.905485
16.929493,-1.907158,17.49676
8.840491,1.6445016,5.498009
-4.734131,5.681539,8.885442
-1.5977336,0.16115117,-13.344398
-1.7282233,0.46708608,-13.281425
2.5394156,-4.2709565,13.138885
-1.5909868,0.16623363,-13.226149
14.548345,-0.30087775,9.221023
-1.5828844,0.2716927,-13.18438
19.893972,-4.647723,8.130345
-4.5677104,5.8106256,8.920887
-4.452708,5.5588226,9.1268425
14.583695,-0.36166415,9.290226
-5.082259,5.0669036,8.721423
1.7938951,-16.040495,1.5218163
